epoch	hours	top1Accuracy
1	0.00147689	47.48
2	0.00240187	64.50
3	0.00332896	77.93
4	0.00425144	75.59
5	0.00517550	79.02
6	0.00609973	75.74
7	0.00702320	81.47
8	0.00794588	80.76
9	0.00887384	82.15
10	0.00979641	82.07
11	0.01072044	85.57
12	0.01164325	86.30
13	0.01256675	84.52
14	0.01349105	87.35
15	0.01441303	86.39
16	0.01533557	87.25
17	0.01626057	87.11
18	0.01718461	89.62
19	0.01811071	90.46
20	0.01903458	91.64
21	0.01995900	92.49
22	0.02088441	93.39
23	0.02180907	93.60
24	0.02273274	94.06